iteration,expected_cut
0,1.6865234375
1,2.75146484375
2,2.0712890625
3,2.6328125
4,3.2294921875
5,2.61962890625
6,3.13720703125
7,2.61962890625
8,3.12158203125
9,3.21826171875
10,3.2177734375
11,3.2392578125
12,3.21826171875
13,3.2265625
14,3.21435546875
15,3.2177734375
16,3.21484375
17,3.21337890625
18,3.24755859375
19,3.22705078125
20,3.2421875
21,3.224609375
22,3.2119140625
23,3.23046875
24,3.20751953125
25,3.21630859375
26,3.2548828125
