p,approx_ratio,expected_cut
1,1.0,3.2265625
2,1.0,3.83642578125
3,1.0,3.7666015625
4,1.0,3.1689453125
