p,approx_ratio,expected_cut
1,1.0,3.2177734375
2,1.0,3.8349609375
3,1.0,3.70849609375
4,1.0,3.33251953125
