shots,expected_cut,best_cut
64,3.375,4
128,3.2109375,4
256,3.12890625,4
512,3.193359375,4
1024,3.2744140625,4
2048,3.2158203125,4
4096,3.215087890625,4
