shots,expected_cut,best_cut
64,3.390625,4
128,3.078125,4
256,3.3203125,4
512,3.208984375,4
1024,3.2099609375,4
2048,3.25341796875,4
4096,3.22705078125,4
